# Element specification.  First row holds scale length in metres, second row is column names.
# c1x etc. = corner location in cell units. Check that the calculated mass matches the mass
# Note, for the bth (heat bath) category, the parameters after mass/kg allow variations in
# temperature , t_on/s, t_period/s, T_amp,
scale, 0.010,				# Cell dimension / metre
duration, 10.,				# Simulation duration / seconds
t_sampling, 6,				# Oversampling factor for simulation time coordinate,,,
cl_target, 70.5,			# Closed loop control temperature,,,
cl_rms, 0.000,				# Closed loop sensor rms error / K
hdr, name, c1x,c1y,c1z, sx,sy,sz, colour, material, init_temp/K, mass/kg, power/W, time_on/s, period/s, delta_T/K,
elm, grating, .08,.01,.04, .03,.09,.14, brown, Ge, 70.50, 2.,
sen, sens_g1, .08,.05,.04, .01,.01,.01, orange,,,,,
sen, sens_g2, .08,.05,.09, .01,.01,.01, orange,
sen, sens_g3, .08,.05,.12, .01,.01,.01, orange,
sen, sens_g4, .08,.05,.17, .01,.01,.01, orange,
elm, pad1, .11,.01,.04, .01,.02,.02, forestgreen, PTFE, 70.50, .01,
elm, pad2, .11,.04,.16, .01,.02,.02, limegreen, PTFE, 70.50, .01,
elm, pad3, .11,.08,.04, .01,.02,.02, darkgreen, PTFE, 70.50, .01,
elm, mount, .12,.01,.02, .02,.10,.16, grey, Al_6061, 70.50, .89,
# htr, mnt_rad, .12,.11,.02, .02,.01,.16, pink, Al_6061, 70.50, .1, .0, 10., 100.,
# sen, sen_m1, .12,.04,.17, .01,.01,.01, grey, Al_6061, 70.50, .01,
elm, mnt_yoke, .04,.05,.02, .08,.01,.01, peru, Cu, 70.50, .20,
elm, yoke, .01,.00,.02, .03,.12,.20, saddlebrown, Al_6061, 70.50, 1.7,
elm, yoke_cu, .04,.05,.21, .08,.01,.01, peru, Cu, 70.50, .20,
bth, cfo1, .12,.05,.21, .01,.01,.01, cyan, Al_6061, 70.00, .00, .00, 5., 30., 0.,
elm, yoke_fp, .04,.05,.16, .01,.01,.02, peru, Al_6061, 70.50, .20,
bth, cfo2, .05,.05,.16, .01,.01,.02, cyan, Al_6061, 70.00, .00, .00, 5., 30., 0.,
clh, pid_htr, .12,.04,.10, .01,.01,.01, brown, Al_6061, 70.50, .1, 10.,
cls, pid_sen, .12,.06,.10, .01,.01,.01, purple, Al_6061,
